-- ----------------------------  
-- Records of T_PLAT_USER  
-- ----------------------------  
INSERT INTO `T_PLAT_USER`(ID,NAME,PASSWORD,IDENTITY,NICK_NAME,AVAILAN) VALUES (1, 'admin', 'admin', 'admin', '超级管理员', 1);  
INSERT INTO `T_PLAT_USER`(ID,NAME,PASSWORD,IDENTITY,NICK_NAME,AVAILAN) VALUES (2, 'user', 'user', 'user', '普通用户', 1);  

-- ----------------------------  
-- Records of T_PLAT_ROLE  
-- ----------------------------  
INSERT INTO `T_PLAT_ROLE`(ID,NAME,IDENTITY,DESCRIPTION,AVAILAN) VALUES (1, '超级管理员', 'admin','超级管理员', 1);  
INSERT INTO `T_PLAT_ROLE`(ID,NAME,IDENTITY,DESCRIPTION,AVAILAN) VALUES (2, '普通用户', 'user','普通用户', 1);  

-- ----------------------------  
-- Records of T_PLAT_USER_ROLE  
-- ---------------------------- 
INSERT INTO `T_PLAT_USER_ROLE`(ID,USER_ID,ROLE_ID,PRIORITY) VALUES (1,1,1,'1');
INSERT INTO `T_PLAT_USER_ROLE`(ID,USER_ID,ROLE_ID,PRIORITY) VALUES (2,2,2,'1');

-- ----------------------------  
-- Records of T_PLAT_GROUP  
-- ----------------------------
INSERT INTO `T_PLAT_GROUP`(ID,NAME,IDENTITY,DESCRIPTION,AVAILAN) VALUES (1,'超级管理员组','admin_group','超级管理员组',1);
INSERT INTO `T_PLAT_GROUP`(ID,NAME,IDENTITY,DESCRIPTION,AVAILAN) VALUES (2,'普通用户组','user_group','普通用户组',1);

-- ----------------------------  
-- Records of T_PLAT_USER_GROUP  
-- ----------------------------
INSERT INTO `T_PLAT_USER_GROUP`(ID,USER_ID,GROUP_ID,PRIORITY) VALUES (1,1,1,'1');
INSERT INTO `T_PLAT_USER_GROUP`(ID,USER_ID,GROUP_ID,PRIORITY) VALUES (2,2,2,'1');

-- ----------------------------  
-- Records of T_PLAT_GROUP_ROLE  
-- ----------------------------
INSERT INTO `T_PLAT_GROUP_ROLE`(ID,GROUP_ID,ROLE_ID,PRIORITY) VALUES (1,1,1,'1');
INSERT INTO `T_PLAT_GROUP_ROLE`(ID,GROUP_ID,ROLE_ID,PRIORITY) VALUES (2,2,2,'1');

-- ----------------------------  
-- Records of T_PLAT_RESOURCE 
-- ---------------------------- 
INSERT INTO `T_PLAT_RESOURCE`(ID,TYPE,NAME,IDENTITY,URL,ICON,PRIORITY,AVAILAN,PARENT_ID) VALUES (1,0,'根目录','root','/','/','1',1,null);
INSERT INTO `T_PLAT_RESOURCE`(ID,TYPE,NAME,IDENTITY,URL,ICON,PRIORITY,AVAILAN,PARENT_ID) VALUES (2,1,'权限管理','authManage','/','/','1',1,1);
INSERT INTO `T_PLAT_RESOURCE`(ID,TYPE,NAME,IDENTITY,URL,ICON,PRIORITY,AVAILAN,PARENT_ID) VALUES (3,1,'用户管理','userManage','/','/','1',1,2);
INSERT INTO `T_PLAT_RESOURCE`(ID,TYPE,NAME,IDENTITY,URL,ICON,PRIORITY,AVAILAN,PARENT_ID) VALUES (4,1,'角色管理','roleManage','/','/','2',1,2);
INSERT INTO `T_PLAT_RESOURCE`(ID,TYPE,NAME,IDENTITY,URL,ICON,PRIORITY,AVAILAN,PARENT_ID) VALUES (5,1,'组管理','groupManage','/','/','3',1,2);

-- ----------------------------  
-- Records of T_PLAT_PERMISSION  
-- ---------------------------- 
INSERT INTO `T_PLAT_PERMISSION`(ID,PRINCIPAL_TYPE,PRINCIPAL_ID,RESOURCE_ID,AUTH_STATUS) VALUES (1,2,1,1,15);
INSERT INTO `T_PLAT_PERMISSION`(ID,PRINCIPAL_TYPE,PRINCIPAL_ID,RESOURCE_ID,AUTH_STATUS) VALUES (2,2,1,2,15);
INSERT INTO `T_PLAT_PERMISSION`(ID,PRINCIPAL_TYPE,PRINCIPAL_ID,RESOURCE_ID,AUTH_STATUS) VALUES (3,2,1,3,15);
INSERT INTO `T_PLAT_PERMISSION`(ID,PRINCIPAL_TYPE,PRINCIPAL_ID,RESOURCE_ID,AUTH_STATUS) VALUES (4,2,1,4,15);
INSERT INTO `T_PLAT_PERMISSION`(ID,PRINCIPAL_TYPE,PRINCIPAL_ID,RESOURCE_ID,AUTH_STATUS) VALUES (5,2,1,5,15);
INSERT INTO `T_PLAT_PERMISSION`(ID,PRINCIPAL_TYPE,PRINCIPAL_ID,RESOURCE_ID,AUTH_STATUS) VALUES (6,2,2,1,15);
INSERT INTO `T_PLAT_PERMISSION`(ID,PRINCIPAL_TYPE,PRINCIPAL_ID,RESOURCE_ID,AUTH_STATUS) VALUES (7,2,2,2,15);
INSERT INTO `T_PLAT_PERMISSION`(ID,PRINCIPAL_TYPE,PRINCIPAL_ID,RESOURCE_ID,AUTH_STATUS) VALUES (8,2,2,3,15);